{"loss": [3.39455246925354], "accuracy": [0.12021683901548386], "val_loss": [3.291910171508789], "val_accuracy": [0.1393229216337204]}